eBird.English.Name.2021,eBird.Scientific.Name.2021,Species,jetz.eng.name
Ashambu Laughingthrush,Montecincla meridionalis,not found,not found
Ashy Prinia,Prinia socialis,Prinia socialis,Ashy Prinia
Ashy Woodswallow,Artamus fuscus,Artamus fuscus,
Ashy-crowned Sparrow-Lark,Eremopterix griseus,Eremopterix griseus,not found
Asian Emerald Dove,Chalcophaps indica,Chalcophaps indica,not found
Asian Fairy-bluebird,Irena puella,Irena puella,Asian Fairy-bluebird
Asian Koel,Eudynamys scolopaceus,Eudynamys scolopaceus,Asian Koel
Banasura Laughingthrush,Montecincla jerdoni,not found,not found
Banded Bay Cuckoo,Cacomantis sonneratii,Cacomantis sonneratii,Banded Bay Cuckoo
Bar-winged Flycatcher-shrike,Hemipus picatus,Hemipus picatus,Bar-winged Flycatcher-shrike
Bay-backed Shrike,Lanius vittatus,Lanius vittatus,Bay-backed Shrike
Baya Weaver,Ploceus philippinus,Ploceus philippinus,Baya Weaver
Black Drongo,Dicrurus macrocercus,Dicrurus macrocercus,Black Drongo
Black-and-orange Flycatcher,Ficedula nigrorufa,Ficedula nigrorufa,not found
Black-backed Dwarf-Kingfisher,Ceyx erithaca,Ceyx erithaca,not found
Black-hooded Oriole,Oriolus xanthornus,Oriolus xanthornus,Black-hooded Oriole
Black-naped Monarch,Hypothymis azurea,Hypothymis azurea,Black-naped Monarch
Jungle Prinia,Prinia sylvatica,Prinia sylvatica,Jungle Prinia
Plain Prinia,Prinia inornata,Prinia inornata,Plain Prinia
Gray-breasted Prinia,Prinia hodgsonii,Prinia hodgsonii,not found
Black-rumped Flameback,Dinopium benghalense,Dinopium benghalense,Black-rumped Flameback
Black-throated Munia,Lonchura kelaarti,Lonchura kelaarti,Black-throated Munia
Blue-bearded Bee-eater,Nyctyornis athertoni,Nyctyornis athertoni,Blue-bearded Bee-eater
Blue-eared Kingfisher,Alcedo meninting,Alcedo meninting,Blue-eared Kingfisher
Blue-faced Malkoha,Phaenicophaeus viridirostris,Phaenicophaeus viridirostris,Blue-faced Malkoha
Blue-tailed Bee-eater,Merops philippinus,Merops philippinus,Blue-tailed Bee-eater
Brahminy Starling,Sturnia pagodarum,Sturnus pagodarum,Brahminy Starling
Bronzed Drongo,Dicrurus aeneus,Dicrurus aeneus,Bronzed Drongo
Greater Flameback,Chrysocolaptes guttacristatus,Chrysocolaptes lucidus,Greater Flameback
Brown-capped Pygmy Woodpecker,Yungipicus nanus,Dendrocopos nanus,not found
Brown-cheeked Fulvetta,Alcippe poioicephala,Alcippe poioicephala,Brown-cheeked Fulvetta
Brown-headed Barbet,Psilopogon zeylanicus,Megalaima zeylanica,Brown-headed Barbet
Chestnut-headed Bee-eater,Merops leschenaulti,Merops leschenaulti,Chestnut-headed Bee-eater
Cinereous Tit,Parus cinereus,Parus major,not found
Common Flameback,Dinopium javanense,Dinopium javanense,Common Flameback
Common Hawk-Cuckoo,Hierococcyx varius,Cuculus varius,not found
Common Iora,Aegithina tiphia,Aegithina tiphia,Common Iora
Common Myna,Acridotheres tristis,Acridotheres tristis,Common Myna
Common Tailorbird,Orthotomus sutorius,Orthotomus sutorius,Common Tailorbird
Yellow-crowned Woodpecker,Leiopicus mahrattensis,Dendrocopos mahrattensis,Yellow-crowned Woodpecker
Crimson-backed Sunbird,Leptocoma minima,Nectarinia minima,Crimson-backed Sunbird
Dark-fronted Babbler,Dumetia atriceps,Rhopocichla atriceps,Dark-fronted Babbler
Dollarbird,Eurystomus orientalis,Eurystomus orientalis,not found
Eurasian Collared-Dove,Streptopelia decaocto,Streptopelia decaocto,not found
Flame-throated Bulbul,Rubigula gularis,Pycnonotus melanicterus,not found
Fork-tailed Drongo-Cuckoo,Surniculus dicruroides,Surniculus lugubris,not found
Gray Junglefowl,Gallus sonneratii,Gallus sonneratii,not found
Gray-bellied Cuckoo,Cacomantis passerinus,Cacomantis passerinus,not found
Gray-fronted Green-Pigeon,Treron affinis,Treron pompadora,not found
Gray-headed Bulbul,Brachypodius priocephalus,Pycnonotus priocephalus,not found
Great Hornbill,Buceros bicornis,Buceros bicornis,Great Hornbill
Greater Coucal,Centropus sinensis,Centropus sinensis,Greater Coucal
Greater Racket-tailed Drongo,Dicrurus paradiseus,Dicrurus paradiseus,Greater Racket-tailed Drongo
Asian Green Bee-eater,Merops orientalis,Merops orientalis,not found
Green Imperial-Pigeon,Ducula aenea,Ducula aenea,not found
Hair-crested Drongo,Dicrurus hottentottus,Dicrurus hottentottus,Hair-crested Drongo
Heart-spotted Woodpecker,Hemicircus canente,Hemicircus canente,Heart-spotted Woodpecker
House Crow,Corvus splendens,Corvus splendens,House Crow
House Sparrow,Passer domesticus,Passer domesticus,House Sparrow
Indian Blackbird,Turdus simillimus,Turdus merula,not found
Indian Gray Hornbill,Ocyceros birostris,Ocyceros birostris,not found
Indian Nuthatch,Sitta castanea,Sitta castanea,not found
Indian Peafowl,Pavo cristatus,Pavo cristatus,Indian Peafowl
Indian Pond-Heron,Ardeola grayii,Ardeola grayii,not found
Indian Robin,Copsychus fulicatus,Saxicoloides fulicatus,Indian Robin
Indian Roller,Coracias benghalensis,Coracias benghalensis,Indian Roller
Indian Scimitar-Babbler,Pomatorhinus horsfieldii,Pomatorhinus horsfieldii,not found
Indian Silverbill,Euodice malabarica,Lonchura malabarica,not found
Indian Thick-knee,Burhinus indicus,Burhinus oedicnemus ,not found
Indian White-eye,Zosterops palpebrosus,Zosterops palpebrosus,not found
Indian Yellow Tit,Machlolophus aplonotus,Parus xanthogenys,not found
Jerdon's Bushlark,Mirafra affinis,Mirafra affinis,Jerdon's Bushlark
Jungle Babbler,Argya striata,Turdoides striata,Jungle Babbler
Jungle Myna,Acridotheres fuscus,Acridotheres fuscus,Jungle Myna
Large Cuckooshrike,Coracina macei,Coracina macei,Large Cuckooshrike
Large-billed Crow,Corvus macrorhynchos,Corvus macrorhynchos,Large-billed Crow
Laughing Dove,Spilopelia senegalensis,Stigmatopelia senegalensis,Laughing Dove
Lesser Yellownape,Picus chlorolophus,Picus chlorolophus,Lesser Yellownape
Little Spiderhunter,Arachnothera longirostra,Arachnothera longirostra,Little Spiderhunter
Long-tailed Shrike,Lanius schach,Lanius schach,Long-tailed Shrike
Loten's Sunbird,Cinnyris lotenius,Nectarinia lotenia,not found
Malabar Gray Hornbill,Ocyceros griseus,Ocyceros griseus,not found
Malabar Parakeet,Psittacula columboides,Psittacula columboides,Malabar Parakeet
Malabar Pied-Hornbill,Anthracoceros coronatus,Anthracoceros coronatus,not found
Malabar Trogon,Harpactes fasciatus,Harpactes fasciatus,Malabar Trogon
Malabar Whistling-Thrush,Myophonus horsfieldii,Myophonus horsfieldii,not found
Malabar Woodshrike,Tephrodornis sylvicola,Tephrodornis gularis,not found
Common Woodshrike,Tephrodornis pondicerianus,Tephrodornis pondicerianus,Common Woodshrike
Malabar Imperial-Pigeon,Ducula cuprea,Ducula badia,not found
Nilgiri Flowerpecker,Dicaeum concolor,Dicaeum concolor,not found
Nilgiri Flycatcher,Eumyias albicaudatus,Eumyias albicaudatus,Nilgiri Flycatcher
Nilgiri Laughingthrush,Montecincla cachinnans,Strophocincla cachinnans,not found
Nilgiri Thrush,Zoothera neilgherriensis,Zoothera dauma,not found
Nilgiri Wood-Pigeon,Columba elphinstonii,Columba elphinstonii,not found
Orange Minivet,Pericrocotus flammeus,Pericrocotus flammeus,not found
Orange-breasted Green-Pigeon,Treron bicinctus,Treron bicinctus,not found
Orange-headed Thrush,Geokichla citrina,Zoothera citrina,Orange-headed Thrush
Oriental Magpie-Robin,Copsychus saularis,Copsychus saularis,not found
Oriental Turtle-Dove,Streptopelia orientalis,Streptopelia orientalis,not found
Painted Spurfowl,Galloperdix lunulata,Galloperdix lunulata,Painted Spurfowl
Palani Laughingthrush,Montecincla fairbanki,Strophocincla fairbanki,not found
Pale-billed Flowerpecker,Dicaeum erythrorhynchos,Dicaeum erythrorhynchos,Pale-billed Flowerpecker
Pied Bushchat,Saxicola caprata,Saxicola caprata,Pied Bushchat
Pied Cuckoo,Clamator jacobinus,Clamator jacobinus,Pied Cuckoo
Plum-headed Parakeet,Psittacula cyanocephala,Psittacula cyanocephala,Plum-headed Parakeet
Puff-throated Babbler,Pellorneum ruficeps,Pellorneum ruficeps,Puff-throated Babbler
Purple Sunbird,Cinnyris asiaticus,Nectarinia asiatica,Purple Sunbird
Purple-rumped Sunbird,Leptocoma zeylonica,Nectarinia zeylonica,Purple-rumped Sunbird
Red Spurfowl,Galloperdix spadicea,Galloperdix spadicea,Red Spurfowl
Red-vented Bulbul,Pycnonotus cafer,Pycnonotus cafer,Red-vented Bulbul
Red-whiskered Bulbul,Pycnonotus jocosus,Pycnonotus jocosus,Red-whiskered Bulbul
Rock Pigeon,Columba livia,Columba livia,Rock Pigeon
Rose-ringed Parakeet,Psittacula krameri,Psittacula krameri,Rose-ringed Parakeet
Rufous Babbler,Argya subrufa,Turdoides subrufa,Rufous Babbler
Rufous Treepie,Dendrocitta vagabunda,Dendrocitta vagabunda,Rufous Treepie
Rufous Woodpecker,Micropternus brachyurus,Celeus brachyurus,Rufous Woodpecker
Scaly-breasted Munia,Lonchura punctulata,Lonchura punctulata,Scaly-breasted Munia
Sirkeer Malkoha,Taccocua leschenaultii,Phaenicophaeus leschenaultii,Sirkeer Malkoha
Small Minivet,Pericrocotus cinnamomeus,Pericrocotus cinnamomeus,Small Minivet
Southern Hill Myna,Gracula indica,Gracula religiosa,not found
Speckled Piculet,Picumnus innominatus,Picumnus innominatus,Speckled Piculet
Spotted Dove,Spilopelia chinensis,Stigmatopelia chinensis,Spotted Dove
Square-tailed Bulbul,Hypsipetes ganeesa,Hypsipetes leucocephalus,not found
Streak-throated Woodpecker,Picus xanthopygaeus,Picus xanthopygaeus,Streak-throated Woodpecker
Tawny-bellied Babbler,Dumetia hyperythra,Dumetia hyperythra,Tawny-bellied Babbler
Thick-billed Flowerpecker,Dicaeum agile,Dicaeum agile,Thick-billed Flowerpecker
Tickell's Blue Flycatcher,Cyornis tickelliae,Cyornis tickelliae,not found
Tricolored Munia,Lonchura malacca,Lonchura malacca,not found
Velvet-fronted Nuthatch,Sitta frontalis,Sitta frontalis,Velvet-fronted Nuthatch
Vernal Hanging-Parrot,Loriculus vernalis,Loriculus vernalis,not found
Wayanad Laughingthrush,Pterorhinus delesserti,Garrulax delesserti,not found
White-bellied Blue Flycatcher,Cyornis pallidipes,Cyornis pallipes,not found
White-bellied Drongo,Dicrurus caerulescens,Dicrurus caerulescens,White-bellied Drongo
White-bellied Sholakili,Sholicola albiventris,Myiomela albiventris,not found
White-bellied Treepie,Dendrocitta leucogastra,Dendrocitta leucogastra,White-bellied Treepie
White-bellied Woodpecker,Dryocopus javensis,Dryocopus javensis,White-bellied Woodpecker
White-breasted Waterhen,Amaurornis phoenicurus,Amaurornis phoenicurus,White-breasted Waterhen
White-browed Bulbul,Pycnonotus luteolus,Pycnonotus luteolus,White-browed Bulbul
White-browed Fantail,Rhipidura aureola,Rhipidura aureola,White-browed Fantail
White-browed Wagtail,Motacilla maderaspatensis,Motacilla madaraspatensis,White-browed Wagtail
White-cheeked Barbet,Psilopogon viridis,Megalaima viridis,White-cheeked Barbet
White-rumped Munia,Lonchura striata,Lonchura striata,White-rumped Munia
White-rumped Shama,Copsychus malabaricus,Copsychus malabaricus,White-rumped Shama
White-throated Kingfisher,Halcyon smyrnensis,Halcyon smyrnensis,White-throated Kingfisher
Asian Woolly-necked Stork,Ciconia episcopus,Ciconia episcopus,not found
Yellow-billed Babbler,Argya affinis,Turdoides affinis,Yellow-billed Babbler
Yellow-browed Bulbul,Iole indica,Iole indica,Yellow-browed Bulbul
Yellow-eyed Babbler,Chrysomma sinense,Chrysomma sinense,Yellow-eyed Babbler
Yellow-footed Green-Pigeon,Treron phoenicopterus,Treron phoenicopterus,not found
Yellow-throated Bulbul,Pycnonotus xantholaemus,Pycnonotus xantholaemus,Yellow-throated Bulbul
Yellow-throated Sparrow,Gymnoris xanthocollis,Petronia pyrgita,not found
Yellow-wattled Lapwing,Vanellus malabaricus,Vanellus malarbaricus,Yellow-wattled Lapwing
Zitting Cisticola,Cisticola juncidis,Cisticola juncidis,Zitting Cisticola
Nilgiri Sholakili,Sholicola major,Myiomela major,not found
Gray-headed Canary-flycatcher,Culicicapa ceylonensis,Culicicapa ceylonensis,Grey-headed Canary-flycatcher